_id,RSS,Region,Nom_etablissement,Nom_installation,No_permis_installation,Nombre_de_civieres_fonctionnelles,Nombre_de_civieres_occupees,Nombre_de_patients_sur_civiere_plus_de_24_heures,Nombre_de_patients_sur_civiere_plus_de_48_heures,Nombre_total_de_patients_presents_a_lurgence,Nombre_total_de_patients_en_attente_de_PEC,DMS_sur_civiere,DMS_ambulatoire,DMS_sur_civiere_horaire,DMS_ambulatoire_horaire,Heure_de_l'extraction_(image),Mise_a_jour
1,1,Bas-Saint-Laurent,Total régional,Total régional,,52,35,2,1,82,29,11.263909090909,3.33168539325842,11:15,3:19,19:00:00,2026-01-16T19:45:00
2,1,Bas-Saint-Laurent,CISSS DU BAS-SAINT-LAURENT,CENTRE HOSPITALIER RÉGIONAL DU GRAND-PORTAGE,51218352,9,6,0,0,15,6,9.61,3.42,9:36,3:25,19:00:00,2026-01-16T19:45:00
3,1,Bas-Saint-Laurent,CISSS DU BAS-SAINT-LAURENT,HÔPITAL DE MATANE,51218980,7,4,0,0,6,1,16.26,4.93,16:15,4:55,19:00:00,2026-01-16T19:45:00
4,1,Bas-Saint-Laurent,CISSS DU BAS-SAINT-LAURENT,CLSC DE POHÉNÉGAMOOK,51219418,3,0,0,0,1,0,6.69,0.89,6:41,0:53,19:00:00,2026-01-16T19:45:00
5,1,Bas-Saint-Laurent,CISSS DU BAS-SAINT-LAURENT,HÔPITAL NOTRE-DAME-DE-FATIMA,51221141,7,2,0,0,5,1,7.53,4.88,7:31,4:52,19:00:00,2026-01-16T19:45:00
6,1,Bas-Saint-Laurent,CISSS DU BAS-SAINT-LAURENT,HÔPITAL DE NOTRE-DAME-DU-LAC,51221877,5,2,0,0,7,4,9.53,2.54,9:31,2:32,19:00:00,2026-01-16T19:45:00
7,1,Bas-Saint-Laurent,CISSS DU BAS-SAINT-LAURENT,HÔPITAL D'AMQUI,51226892,6,4,1,1,7,1,8.84,2.91,8:50,2:54,19:00:00,2026-01-16T19:45:00
8,1,Bas-Saint-Laurent,CISSS DU BAS-SAINT-LAURENT,HÔPITAL RÉGIONAL DE RIMOUSKI,51227882,12,13,0,0,34,13,12.9,3.51,12:54,3:30,19:00:00,2026-01-16T19:45:00
9,1,Bas-Saint-Laurent,CISSS DU BAS-SAINT-LAURENT,CENTRE MULTISERVICES DE SANTÉ ET DE SERVICES SOCIAUX DE TROIS-PISTOLES,51236156,3,4,1,0,7,3,9.95,2.38,9:57,2:22,19:00:00,2026-01-16T19:45:00
10,2,Saguenay-Lac-Saint-Jean,Total régional,Total régional,,104,59,4,0,132,63,10.5971232876712,4.13142105263157,10:35,4:07,19:00:00,2026-01-16T19:45:00
11,2,Saguenay-Lac-Saint-Jean,CIUSSS DU SAGUENAY - LAC-SAINT-JEAN,HÔPITAL DE CHICOUTIMI,51218394,41,31,2,0,45,21,11.01,3.62,11:00,3:37,19:00:00,2026-01-16T19:45:00
12,2,Saguenay-Lac-Saint-Jean,CIUSSS DU SAGUENAY - LAC-SAINT-JEAN,HÔPITAL DE DOLBEAU-MISTASSINI,51219384,10,1,1,0,9,4,17.66,4.92,17:39,4:55,19:00:00,2026-01-16T19:45:00
13,2,Saguenay-Lac-Saint-Jean,CIUSSS DU SAGUENAY - LAC-SAINT-JEAN,HÔPITAL D'ALMA,51219400,17,4,0,0,23,13,7.1,3.13,7:06,3:07,19:00:00,2026-01-16T19:45:00
14,2,Saguenay-Lac-Saint-Jean,CIUSSS DU SAGUENAY - LAC-SAINT-JEAN,HÔPITAL DE LA BAIE,51221364,7,3,0,0,12,4,10.79,3.73,10:47,3:43,19:00:00,2026-01-16T19:45:00
15,2,Saguenay-Lac-Saint-Jean,CIUSSS DU SAGUENAY - LAC-SAINT-JEAN,HÔPITAL ET CENTRE DE RÉADAPTATION DE JONQUIÈRE,51224541,16,7,1,0,21,10,11.34,3.81,11:20,3:48,19:00:00,2026-01-16T19:45:00
16,2,Saguenay-Lac-Saint-Jean,CIUSSS DU SAGUENAY - LAC-SAINT-JEAN,HÔPITAL ET CENTRE D'HÉBERGEMENT DE ROBERVAL,51228203,13,13,0,0,22,11,10.21,5.73,10:12,5:43,19:00:00,2026-01-16T19:45:00
17,3,Capitale-Nationale,Total régional,Total régional,,218,206,26,5,379,127,15.0445292620865,3.2809250398724,15:02,3:16,19:00:00,2026-01-16T19:45:00
18,3,Capitale-Nationale,CHU DE QUÉBEC - UNIVERSITÉ LAVAL,HÔPITAL DU SAINT-SACREMENT,51217529,22,21,1,0,41,16,16.9,3.79,16:54,3:47,19:00:00,2026-01-16T19:45:00
19,3,Capitale-Nationale,CHU DE QUÉBEC - UNIVERSITÉ LAVAL,L'HÔTEL-DIEU DE QUÉBEC,51217586,15,18,0,0,23,6,14.28,3.87,14:16,3:52,19:00:00,2026-01-16T19:45:00
20,3,Capitale-Nationale,CHU DE QUÉBEC - UNIVERSITÉ LAVAL,CENTRE HOSPITALIER DE L'UNIVERSITÉ LAVAL,51217594,43,44,7,3,79,31,13.97,3.2,13:58,3:12,19:00:00,2026-01-16T19:45:00
21,3,Capitale-Nationale,CHU DE QUÉBEC - UNIVERSITÉ LAVAL,HÔPITAL SAINT-FRANÇOIS D'ASSISE,51217602,34,40,3,0,58,14,17.47,4.06,17:28,4:03,19:00:00,2026-01-16T19:45:00
22,3,Capitale-Nationale,CIUSSS DE LA CAPITALE-NATIONALE,CENTRE MULTISERVICES DE SANTÉ ET DE SERVICES SOCIAUX CHAUVEAU,51225001,5,1,0,0,19,8,3.41,2.31,3:24,2:18,19:00:00,2026-01-16T19:45:00
23,3,Capitale-Nationale,CIUSSS DE LA CAPITALE-NATIONALE,CENTRE MULTISERVICES DE SANTÉ ET DE SERVICES SOCIAUX DE SAINTE-ANNE-DE-BEAUPRÉ,51225357,4,1,0,0,4,2,14.78,2.76,14:46,2:45,19:00:00,2026-01-16T19:45:00
24,3,Capitale-Nationale,CIUSSS DE LA CAPITALE-NATIONALE,HÔPITAL ET CLSC DE LA MALBAIE,51228690,9,6,1,0,10,2,22.94,3.98,22:56,3:58,19:00:00,2026-01-16T19:45:00
25,3,Capitale-Nationale,INSTITUT UNIVERSITAIRE DE CARDIOLOGIE ET DE PNEUMOLOGIE DE QUÉBEC - UNIVERSITÉ LAVAL,INSTITUT UNIVERSITAIRE DE CARDIOLOGIE ET DE PNEUMOLOGIE DE QUÉBEC,51232130,20,15,0,0,28,11,12.38,3.51,12:22,3:30,19:00:00,2026-01-16T19:45:00
26,3,Capitale-Nationale,CHU DE QUÉBEC - UNIVERSITÉ LAVAL,HÔPITAL DE L'ENFANT-JÉSUS,51233914,48,49,13,2,70,11,18.55,3.58,18:33,3:34,19:00:00,2026-01-16T19:45:00
27,3,Capitale-Nationale,CIUSSS DE LA CAPITALE-NATIONALE,CENTRE MULTISERVICES DE SANTÉ ET DE SERVICES SOCIAUX DE BAIE-SAINT-PAUL,51244804,8,5,0,0,13,6,12.71,4.31,12:42,4:18,19:00:00,2026-01-16T19:45:00
28,3,Capitale-Nationale,CIUSSS DE LA CAPITALE-NATIONALE,CENTRE MULTISERVICES DE SANTÉ ET DE SERVICES SOCIAUX DE SAINT-RAYMOND,51247302,7,4,1,0,20,11,7.72,2.33,7:43,2:19,19:00:00,2026-01-16T19:45:00
29,3,Capitale-Nationale,CIUSSS DE LA CAPITALE-NATIONALE,CENTRE MULTISERVICES DE SANTÉ ET DE SERVICES SOCIAUX DE SAINT-MARC-DES-CARRIÈRES,51247344,3,2,0,0,14,9,8.18,2.25,8:10,2:15,19:00:00,2026-01-16T19:45:00
30,4,Mauricie et Centre-du-Québec,Total régional,Total régional,,118,123,9,3,223,89,13.2724596774193,4.64666666666666,13:16,4:38,19:00:00,2026-01-16T19:45:00
31,4,Mauricie et Centre-du-Québec,CIUSSS DE LA MAURICIE-ET-DU-CENTRE-DU-QUÉBEC,CENTRE MULTISERVICES DE SANTÉ ET DE SERVICES SOCIAUX DE FORTIERVILLE,51219160,2,0,0,0,3,1,5.45,2.21,5:27,2:12,19:00:00,2026-01-16T19:45:00
32,4,Mauricie et Centre-du-Québec,CIUSSS DE LA MAURICIE-ET-DU-CENTRE-DU-QUÉBEC,CENTRE MULTISERVICES DE SANTÉ ET DE SERVICES SOCIAUX DU HAUT-SAINT-MAURICE,51219731,7,2,0,0,11,4,13.71,5.11,13:42,5:06,19:00:00,2026-01-16T19:45:00
33,4,Mauricie et Centre-du-Québec,CIUSSS DE LA MAURICIE-ET-DU-CENTRE-DU-QUÉBEC,HÔPITAL DU CENTRE-DE-LA-MAURICIE,51220051,19,13,0,0,24,9,15.25,3.48,15:15,3:28,19:00:00,2026-01-16T19:45:00
34,4,Mauricie et Centre-du-Québec,CIUSSS DE LA MAURICIE-ET-DU-CENTRE-DU-QUÉBEC,PAVILLON SAINTE-MARIE,51220168,45,56,5,2,85,33,17.55,5.3,17:33,5:18,19:00:00,2026-01-16T19:45:00
35,4,Mauricie et Centre-du-Québec,CIUSSS DE LA MAURICIE-ET-DU-CENTRE-DU-QUÉBEC,HÔTEL-DIEU D'ARTHABASKA,51228039,16,18,1,0,32,14,11.28,6.36,11:16,6:21,19:00:00,2026-01-16T19:45:00
36,4,Mauricie et Centre-du-Québec,CIUSSS DE LA MAURICIE-ET-DU-CENTRE-DU-QUÉBEC,HÔPITAL SAINTE-CROIX,51228781,19,22,1,0,44,20,10.91,5.13,10:54,5:07,19:00:00,2026-01-16T19:45:00
37,4,Mauricie et Centre-du-Québec,CIUSSS DE LA MAURICIE-ET-DU-CENTRE-DU-QUÉBEC,CENTRE MULTISERVICES DE SANTÉ ET DE SERVICES SOCIAUX AVELLIN-DALCOURT,51233583,4,5,1,0,8,1,7.27,4.46,7:16,4:27,19:00:00,2026-01-16T19:45:00
38,4,Mauricie et Centre-du-Québec,CIUSSS DE LA MAURICIE-ET-DU-CENTRE-DU-QUÉBEC,CENTRE MULTISERVICES DE SANTÉ ET DE SERVICES SOCIAUX CHRIST-ROI,51246338,6,7,1,1,16,7,4.67,2.95,4:40,2:57,19:00:00,2026-01-16T19:45:00
39,5,Estrie,Total régional,Total régional,,137,119,31,8,238,84,16.6641826923076,6.00354761904762,16:39,6:00,19:00:00,2026-01-16T19:45:00
40,5,Estrie,CIUSSS DE L'ESTRIE - CENTRE HOSPITALIER UNIVERSITAIRE DE SHERBROOKE,CHUS - HÔPITAL FLEURIMONT,51216687,28,19,2,0,28,2,12.47,6.35,12:28,6:21,19:00:00,2026-01-16T19:45:00
41,5,Estrie,CIUSSS DE L'ESTRIE - CENTRE HOSPITALIER UNIVERSITAIRE DE SHERBROOKE,CHUS - HÔTEL-DIEU DE SHERBROOKE,51216695,44,50,19,8,66,12,19.49,6.35,19:29,6:21,19:00:00,2026-01-16T19:45:00
42,5,Estrie,CIUSSS DE L'ESTRIE - CENTRE HOSPITALIER UNIVERSITAIRE DE SHERBROOKE,CENTRE MULTISERVICES DE SANTÉ ET DE SERVICES SOCIAUX DE MEMPHRÉMAGOG,51219046,11,9,0,0,24,11,12.13,4.2,12:07,4:12,19:00:00,2026-01-16T19:45:00
43,5,Estrie,CIUSSS DE L'ESTRIE - CENTRE HOSPITALIER UNIVERSITAIRE DE SHERBROOKE,CENTRE DE SANTÉ ET DE SERVICES SOCIAUX DU GRANIT,51223832,5,2,0,0,7,3,8.67,4.77,8:40,4:46,19:00:00,2026-01-16T19:45:00
44,5,Estrie,CIUSSS DE L'ESTRIE - CENTRE HOSPITALIER UNIVERSITAIRE DE SHERBROOKE,HÔPITAL DE GRANBY,51228120,20,17,4,0,48,18,18.78,9.97,18:46,9:58,19:00:00,2026-01-16T19:45:00
45,5,Estrie,CIUSSS DE L'ESTRIE - CENTRE HOSPITALIER UNIVERSITAIRE DE SHERBROOKE,HÔPITAL BROME-MISSISQUOI-PERKINS,51229185,16,17,4,0,30,9,25.19,4.09,25:11,4:05,19:00:00,2026-01-16T19:45:00
46,5,Estrie,CIUSSS DE L'ESTRIE - CENTRE HOSPITALIER UNIVERSITAIRE DE SHERBROOKE,CENTRE MULTISERVICES DE SANTÉ ET DE SERVICES SOCIAUX DES SOURCES,51247583,7,4,2,0,22,18,7.84,5.34,7:50,5:20,19:00:00,2026-01-16T19:45:00
47,5,Estrie,CIUSSS DE L'ESTRIE - CENTRE HOSPITALIER UNIVERSITAIRE DE SHERBROOKE,CENTRE MULTISERVICES DE SANTÉ ET DE SERVICES SOCIAUX DE LA MRC DE COATICOOK,51247617,6,1,0,0,13,11,1.94,1.92,1:56,1:55,19:00:00,2026-01-16T19:45:00
48,6,Montréal,Total régional,Total régional,,568,713,243,81,1230,331,21.6101037344398,4.88431952662721,21:36,4:53,19:00:00,2026-01-16T19:45:00
49,6,Montréal,CIUSSS DU NORD-DE-L'ÎLE-DE-MONTRÉAL,HÔPITAL DU SACRÉ-COEUR-DE-MONTRÉAL,12475976,46,69,29,6,126,49,23.67,6.66,23:40,6:39,19:00:00,2026-01-16T19:45:00
50,6,Montréal,CIUSSS DE L'EST-DE-L'ÎLE-DE-MONTRÉAL,HÔPITAL MAISONNEUVE-ROSEMONT,12934659,54,51,13,2,75,17,26.21,4.03,26:12,4:01,19:00:00,2026-01-16T19:45:00
51,6,Montréal,CIUSSS DU CENTRE-SUD-DE-L'ÎLE-DE-MONTRÉAL,HÔPITAL DE VERDUN,51218097,26,23,4,1,47,17,25.4,4,25:24,4:00,19:00:00,2026-01-16T19:45:00
52,6,Montréal,CENTRE HOSPITALIER UNIVERSITAIRE SAINTE-JUSTINE,CHU SAINTE-JUSTINE,51222800,16,19,0,0,50,12,6.91,4.4,6:54,4:24,19:00:00,2026-01-16T19:45:00
53,6,Montréal,CENTRE UNIVERSITAIRE DE SANTÉ MCGILL,L'HÔPITAL DE MONTRÉAL POUR ENFANTS,51223279,12,12,0,0,66,14,7.62,2.88,7:37,2:52,19:00:00,2026-01-16T19:45:00
54,6,Montréal,CENTRE UNIVERSITAIRE DE SANTÉ MCGILL,HÔPITAL ROYAL VICTORIA,51223295,33,63,25,14,100,20,26.92,6.5,26:55,6:30,19:00:00,2026-01-16T19:45:00
55,6,Montréal,CIUSSS DE L'OUEST-DE-L'ÎLE-DE-MONTRÉAL,HÔPITAL DE LASALLE,51224392,15,26,15,7,47,13,51.56,4.12,51:33,4:07,19:00:00,2026-01-16T19:45:00
56,6,Montréal,CIUSSS DE L'OUEST-DE-L'ÎLE-DE-MONTRÉAL,HÔPITAL GÉNÉRAL DU LAKESHORE,51228278,31,65,23,6,97,34,31.43,8.8,31:25,8:48,19:00:00,2026-01-16T19:45:00
57,6,Montréal,CENTRE UNIVERSITAIRE DE SANTÉ MCGILL,HÔPITAL DE LACHINE,51228310,14,18,9,5,38,16,26.03,3.77,26:01,3:46,19:00:00,2026-01-16T19:45:00
58,6,Montréal,CIUSSS DU NORD-DE-L'ÎLE-DE-MONTRÉAL,HÔPITAL FLEURY,51228492,18,19,6,0,34,12,20.26,4.75,20:15,4:45,19:00:00,2026-01-16T19:45:00
59,6,Montréal,CIUSSS DU NORD-DE-L'ÎLE-DE-MONTRÉAL,HÔPITAL JEAN-TALON,51228500,22,21,7,0,48,18,21.7,4.46,21:42,4:27,19:00:00,2026-01-16T19:45:00
60,6,Montréal,CIUSSS DE L'OUEST-DE-L'ÎLE-DE-MONTRÉAL,HÔPITAL DOUGLAS,51235190,8,5,0,0,11,4,13.48,2.92,13:28,2:55,19:00:00,2026-01-16T19:45:00
61,6,Montréal,CIUSSS DE L'EST-DE-L'ÎLE-DE-MONTRÉAL,INSTITUT UNIVERSITAIRE EN SANTÉ MENTALE DE MONTRÉAL,51235307,12,5,2,2,10,3,25.52,3.66,25:31,3:39,19:00:00,2026-01-16T19:45:00
62,6,Montréal,CIUSSS DE L'EST-DE-L'ÎLE-DE-MONTRÉAL,HÔPITAL SANTA CABRINI,51235919,38,51,23,12,69,15,26.82,3.61,26:49,3:36,19:00:00,2026-01-16T19:45:00
63,6,Montréal,CENTRE HOSPITALIER DE L'UNIVERSITÉ DE MONTRÉAL,CENTRE HOSPITALIER DE L'UNIVERSITÉ DE MONTRÉAL,51236297,51,72,13,2,98,17,20.65,7.07,20:39,7:04,19:00:00,2026-01-16T19:45:00
64,6,Montréal,CIUSSS DU CENTRE-SUD-DE-L'ÎLE-DE-MONTRÉAL,HÔPITAL NOTRE-DAME,51236313,35,29,8,3,43,5,26.8,5.61,26:48,5:36,19:00:00,2026-01-16T19:45:00
65,6,Montréal,INSTITUT DE CARDIOLOGIE DE MONTRÉAL,INSTITUT DE CARDIOLOGIE DE MONTRÉAL,51248201,22,12,3,1,34,11,14.72,3.16,14:43,3:09,19:00:00,2026-01-16T19:45:00
66,6,Montréal,CENTRE UNIVERSITAIRE DE SANTÉ MCGILL,HÔPITAL GÉNÉRAL DE MONTRÉAL,51248219,31,39,19,11,61,10,26.34,5.3,26:20,5:18,19:00:00,2026-01-16T19:45:00
67,6,Montréal,CIUSSS DE L'OUEST-DE-L'ÎLE-DE-MONTRÉAL,CENTRE HOSPITALIER DE ST. MARY,51248243,22,27,7,2,46,8,23.15,6.86,23:09,6:51,19:00:00,2026-01-16T19:45:00
68,6,Montréal,CIUSSS DU CENTRE-OUEST-DE-L'ÎLE-DE-MONTRÉAL,HÔPITAL GÉNÉRAL JUIF,51248250,53,81,34,7,122,35,17.49,2.93,17:29,2:55,19:00:00,2026-01-16T19:45:00
69,6,Montréal,CIUSSS DU NORD-DE-L'ÎLE-DE-MONTRÉAL,HÔPITAL EN SANTÉ MENTALE ALBERT-PRÉVOST,51848752,9,6,3,0,8,1,27.02,7.42,27:01,7:25,19:00:00,2026-01-16T19:45:00
70,7,Outaouais,Total régional,Total régional,,83,91,31,11,180,63,27.8514876033057,3.72620437956204,27:51,3:43,19:00:00,2026-01-16T19:45:00
71,7,Outaouais,CISSS DE L'OUTAOUAIS,HÔPITAL ET CHSLD DU PONTIAC,51219459,4,2,0,0,9,3,11.17,2.23,11:10,2:13,19:00:00,2026-01-16T19:45:00
72,7,Outaouais,CISSS DE L'OUTAOUAIS,CLSC ET CENTRE D'HÉBERGEMENT DE LA PETITE-NATION,51219491,2,0,0,0,0,0,3.4,2.7,3:24,2:42,19:00:00,2026-01-16T19:45:00
73,7,Outaouais,CISSS DE L'OUTAOUAIS,HÔPITAL DE GATINEAU,51221703,28,41,19,5,67,17,35.55,5.34,35:33,5:20,19:00:00,2026-01-16T19:45:00
74,7,Outaouais,CISSS DE L'OUTAOUAIS,HÔPITAL DE HULL,51221711,25,31,11,6,64,29,28.27,5.09,28:16,5:05,19:00:00,2026-01-16T19:45:00
75,7,Outaouais,CISSS DE L'OUTAOUAIS,HÔPITAL DE MANIWAKI,51221893,6,3,0,0,6,0,23.27,1.45,23:16,1:27,19:00:00,2026-01-16T19:45:00
76,7,Outaouais,CISSS DE L'OUTAOUAIS,HÔPITAL ET CHSLD MÉMORIAL DE WAKEFIELD / WAKEFIELD MEMORIAL HOSPITAL,51228799,4,3,0,0,10,4,14.22,2.36,14:13,2:21,19:00:00,2026-01-16T19:45:00
77,7,Outaouais,CISSS DE L'OUTAOUAIS,HÔPITAL ET CHSLD DE PAPINEAU,51228823,12,10,1,0,22,10,17.01,3.84,17:00,3:50,19:00:00,2026-01-16T19:45:00
78,7,Outaouais,CISSS DE L'OUTAOUAIS,CENTRE MULTISERVICES DE SANTÉ ET DE SERVICES SOCIAUX DE MANSFIELD-ET-PONTEFRACT,51245058,2,1,0,0,2,0,0,1.68,0:00,1:40,19:00:00,2026-01-16T19:45:00
79,8,Abitibi-Témiscamingue,Total régional,Total régional,,37,27,0,0,102,53,14.13078125,3.97305676855895,14:07,3:58,19:00:00,2026-01-16T19:45:00
80,8,Abitibi-Témiscamingue,CISSS DE L'ABITIBI-TÉMISCAMINGUE,HÔPITAL DE VAL-D'OR,51225589,11,5,0,0,27,17,19.98,5.67,19:58,5:40,19:00:00,2026-01-16T19:45:00
81,8,Abitibi-Témiscamingue,CISSS DE L'ABITIBI-TÉMISCAMINGUE,HÔPITAL D'AMOS,51228906,7,8,0,0,18,7,11.16,2.43,11:09,2:25,19:00:00,2026-01-16T19:45:00
82,8,Abitibi-Témiscamingue,CISSS DE L'ABITIBI-TÉMISCAMINGUE,HÔPITAL DE ROUYN-NORANDA,51228922,8,7,0,0,30,16,13.84,4.07,13:50,4:04,19:00:00,2026-01-16T19:45:00
83,8,Abitibi-Témiscamingue,CISSS DE L'ABITIBI-TÉMISCAMINGUE,CENTRE MULTISERVICES DE SANTÉ ET DE SERVICES SOCIAUX DE TÉMISCAMING-KIPAWA,51247476,1,1,0,0,2,0,0,0.99,0:00,0:59,19:00:00,2026-01-16T19:45:00
84,8,Abitibi-Témiscamingue,CISSS DE L'ABITIBI-TÉMISCAMINGUE,CENTRE MULTISERVICES DE SANTÉ ET DE SERVICES SOCIAUX DE VILLE-MARIE,51247542,5,4,0,0,16,8,12.29,5.53,12:17,5:31,19:00:00,2026-01-16T19:45:00
85,8,Abitibi-Témiscamingue,CISSS DE L'ABITIBI-TÉMISCAMINGUE,CENTRE MULTISERVICES DE SANTÉ ET DE SERVICES SOCIAUX DE LA SARRE,51247559,5,2,0,0,9,5,10.53,2.79,10:31,2:47,19:00:00,2026-01-16T19:45:00
86,9,Côte-Nord,Total régional,Total régional,,41,43,15,9,79,30,24.6394029850746,4.47371428571428,24:38,4:28,19:00:00,2026-01-16T19:45:00
87,9,Côte-Nord,CISSS DE LA CÔTE-NORD,CENTRE MULTISERVICES DE SANTÉ ET DE SERVICES SOCIAUX DES ESCOUMINS,51218733,3,0,0,0,1,1,0,2.15,0:00,2:09,19:00:00,2026-01-16T19:45:00
88,9,Côte-Nord,CISSS DE LA CÔTE-NORD,CENTRE MULTISERVICES DE SANTÉ ET DE SERVICES SOCIAUX DE FORESTVILLE,51218741,5,4,0,0,9,5,16.95,2.16,16:57,2:09,19:00:00,2026-01-16T19:45:00
89,9,Côte-Nord,CISSS DE LA CÔTE-NORD,CLSC ET HÔPITAL LE ROYER,51228765,10,18,9,6,22,3,27.51,4.92,27:30,4:55,19:00:00,2026-01-16T19:45:00
90,9,Côte-Nord,CISSS DE LA CÔTE-NORD,HÔPITAL ET CLSC DE SEPT-ÎLES,51232023,10,19,5,3,32,19,39.65,6.72,39:39,6:43,19:00:00,2026-01-16T19:45:00
91,9,Côte-Nord,CISSS DE LA CÔTE-NORD,CENTRE MULTISERVICES DE SANTÉ ET DE SERVICES SOCIAUX DE FERMONT,51245108,2,0,0,0,9,1,3.2,2.97,3:12,2:58,19:00:00,2026-01-16T19:45:00
92,9,Côte-Nord,CISSS DE LA CÔTE-NORD,CENTRE MULTISERVICES DE SANTÉ ET DE SERVICES SOCIAUX DE LA MINGANIE,51245116,2,1,0,0,3,1,5.89,2.54,5:53,2:32,19:00:00,2026-01-16T19:45:00
93,9,Côte-Nord,CISSS DE LA CÔTE-NORD,CENTRE MULTISERVICES DE SANTÉ ET DE SERVICES SOCIAUX DE PORT-CARTIER,51245132,5,1,1,0,3,0,30.52,4.43,30:31,4:25,19:00:00,2026-01-16T19:45:00
94,9,Côte-Nord,CISSS DE LA CÔTE-NORD,CENTRE MULTISERVICES DE SANTÉ ET DE SERVICES SOCIAUX DE LA BASSE-CÔTE-NORD,51245140,4,0,0,0,0,0,0,1.71,0:00,1:42,19:00:00,2026-01-16T19:45:00
95,11,Gaspésie-Îles-de-la-Madeleine,Total régional,Total régional,,44,20,3,1,50,18,11.2583720930232,3.55252747252747,11:15,3:33,19:00:00,2026-01-16T19:45:00
96,11,Gaspésie-Îles-de-la-Madeleine,CISSS DE LA GASPÉSIE,HÔPITAL DE GASPÉ,51220903,6,3,0,0,7,5,9.22,2.13,9:13,2:07,19:00:00,2026-01-16T19:45:00
97,11,Gaspésie-Îles-de-la-Madeleine,CISSS DE LA GASPÉSIE,CLSC ET CENTRE DE SERVICES AMBULATOIRES DE PASPÉBIAC,51220978,4,0,0,0,5,3,9.16,3.5,9:09,3:30,19:00:00,2026-01-16T19:45:00
98,11,Gaspésie-Îles-de-la-Madeleine,CISSS DE LA GASPÉSIE,CLSC ET CENTRE DE SERVICES AMBULATOIRES DE MURDOCHVILLE,51221307,2,0,0,0,1,1,0,4.6,0:00,4:36,19:00:00,2026-01-16T19:45:00
99,11,Gaspésie-Îles-de-la-Madeleine,CISSS DE LA GASPÉSIE,HÔPITAL DE CHANDLER,51227775,8,1,0,0,4,0,11.49,4.97,11:29,4:58,19:00:00,2026-01-16T19:45:00
100,11,Gaspésie-Îles-de-la-Madeleine,CISSS DES ÎLES,HÔPITAL DE L'ARCHIPEL,51227783,6,2,0,0,5,1,7.17,2.98,7:10,2:58,19:00:00,2026-01-16T19:45:00
101,11,Gaspésie-Îles-de-la-Madeleine,CISSS DE LA GASPÉSIE,HÔPITAL ET GROUPE DE MÉDECINE DE FAMILLE UNIVERSITAIRE DE MARIA,51227908,10,8,2,1,13,1,16.65,2.99,16:39,2:59,19:00:00,2026-01-16T19:45:00
102,11,Gaspésie-Îles-de-la-Madeleine,CISSS DE LA GASPÉSIE,CENTRE MULTISERVICES DE SANTÉ ET DE SERVICES SOCIAUX DE GRANDE-VALLÉE,51247732,2,0,0,0,1,0,8.65,1.95,8:39,1:57,19:00:00,2026-01-16T19:45:00
103,11,Gaspésie-Îles-de-la-Madeleine,CISSS DE LA GASPÉSIE,HÔPITAL ET CLSC DE SAINTE-ANNE-DES-MONTS,51247799,6,6,1,0,14,7,8.18,4.97,8:10,4:58,19:00:00,2026-01-16T19:45:00
104,12,Chaudière-Appalaches,Total régional,Total régional,,89,92,24,5,204,65,20.1480487804878,4.00811627906976,20:08,4:00,19:00:00,2026-01-16T19:45:00
105,12,Chaudière-Appalaches,CISSS DE CHAUDIÈRE-APPALACHES,HÔTEL-DIEU DE LÉVIS,51227569,43,53,14,3,84,19,22.07,4.19,22:04,4:11,19:00:00,2026-01-16T19:45:00
106,12,Chaudière-Appalaches,CISSS DE CHAUDIÈRE-APPALACHES,HÔPITAL DE SAINT-GEORGES,51228971,21,14,4,0,25,9,13.29,5.16,13:17,5:09,19:00:00,2026-01-16T19:45:00
107,12,Chaudière-Appalaches,CISSS DE CHAUDIÈRE-APPALACHES,CHSLD ET HÔPITAL PAUL-GILBERT,51245199,0,0,0,0,15,7,0,1.86,0:00,1:51,19:00:00,2026-01-16T19:45:00
108,12,Chaudière-Appalaches,CISSS DE CHAUDIÈRE-APPALACHES,HÔPITAL DE MONTMAGNY,51245223,10,8,1,0,16,5,12.94,2.74,12:56,2:44,19:00:00,2026-01-16T19:45:00
109,12,Chaudière-Appalaches,CISSS DE CHAUDIÈRE-APPALACHES,HÔPITAL DE THETFORD,51245231,15,17,5,2,64,25,31.66,5.75,31:39,5:45,19:00:00,2026-01-16T19:45:00
110,13,Laval,Total régional,Total régional,,49,88,25,6,137,53,24.16,5.11,24:09,5:06,19:00:00,2026-01-16T19:45:00
111,13,Laval,CISSS DE LAVAL,HÔPITAL DE LA CITÉ-DE-LA-SANTÉ,51228757,49,88,25,6,137,53,24.16,5.11,24:09,5:06,19:00:00,2026-01-16T19:45:00
112,14,Lanaudière,Total régional,Total régional,,89,90,16,2,165,50,15.6782575757575,5.17369337979094,15:40,5:10,19:00:00,2026-01-16T19:45:00
113,14,Lanaudière,CISSS DE LANAUDIÈRE,HÔPITAL PIERRE-LE GARDEUR,51228062,47,40,6,0,93,34,15.79,5.79,15:47,5:47,19:00:00,2026-01-16T19:45:00
114,14,Lanaudière,CISSS DE LANAUDIÈRE,HÔPITAL DE LANAUDIÈRE ET CENTRE D'HÉBERGEMENT PARPHILIA-FERLAND,51244945,42,50,10,2,72,16,15.54,4.45,15:32,4:27,19:00:00,2026-01-16T19:45:00
115,15,Laurentides,Total régional,Total régional,,118,163,55,6,309,113,23.7612962962963,4.74980198019802,23:45,4:44,19:00:00,2026-01-16T19:45:00
116,15,Laurentides,CISSS DES LAURENTIDES,HÔPITAL DE MONT-LAURIER,51217610,5,9,5,0,15,4,29.36,5.77,29:21,5:46,19:00:00,2026-01-16T19:45:00
117,15,Laurentides,CISSS DES LAURENTIDES,CENTRE MULTISERVICES DE SANTÉ ET DE SERVICES SOCIAUX DE RIVIÈRE-ROUGE,51217628,5,2,0,0,10,3,9.34,4.24,9:20,4:14,19:00:00,2026-01-16T19:45:00
118,15,Laurentides,CISSS DES LAURENTIDES,HÔPITAL DE SAINT-EUSTACHE,51228864,35,58,22,2,89,22,24.58,6.06,24:34,6:03,19:00:00,2026-01-16T19:45:00
119,15,Laurentides,CISSS DES LAURENTIDES,HÔPITAL DE SAINT-JÉRÔME,51228880,47,59,19,4,121,55,23.56,4.42,23:33,4:25,19:00:00,2026-01-16T19:45:00
120,15,Laurentides,CISSS DES LAURENTIDES,CENTRE MULTISERVICES DE SANTÉ ET DE SERVICES SOCIAUX D'ARGENTEUIL,51245306,8,8,3,0,23,11,20.58,3.71,20:34,3:42,19:00:00,2026-01-16T19:45:00
121,15,Laurentides,CISSS DES LAURENTIDES,CENTRE MULTISERVICES DE SANTÉ ET DE SERVICES SOCIAUX DE SAINTE-AGATHE,51246874,18,27,6,0,51,18,24.16,3.6,24:09,3:36,19:00:00,2026-01-16T19:45:00
122,16,Montérégie,Total régional,Total régional,,239,297,124,44,495,170,23.9037731481481,6.21226252158894,23:54,6:12,19:00:00,2026-01-16T19:45:00
123,16,Montérégie,CISSS DE LA MONTÉRÉGIE-OUEST,HÔPITAL BARRIE MEMORIAL / BARRIE MEMORIAL HOSPITAL,51228005,5,4,0,0,12,11,19.71,4.62,19:42,4:37,19:00:00,2026-01-16T19:45:00
124,16,Montérégie,CISSS DE LA MONTÉRÉGIE-EST,HÔPITAL PIERRE-BOUCHER,51229011,47,75,31,11,108,40,21.56,6.4,21:33,6:24,19:00:00,2026-01-16T19:45:00
125,16,Montérégie,CISSS DE LA MONTÉRÉGIE-CENTRE,HÔPITAL DU HAUT-RICHELIEU,51229045,37,46,20,5,80,27,22.02,5.19,22:01,5:11,19:00:00,2026-01-16T19:45:00
126,16,Montérégie,CISSS DE LA MONTÉRÉGIE-EST,HÔTEL-DIEU DE SOREL,51229102,17,17,5,0,39,17,23.71,5.48,23:42,5:28,19:00:00,2026-01-16T19:45:00
127,16,Montérégie,CISSS DE LA MONTÉRÉGIE-OUEST,HÔPITAL DU SUROÎT,51229136,32,48,24,13,69,16,33.05,5.21,33:03,5:12,19:00:00,2026-01-16T19:45:00
128,16,Montérégie,CISSS DE LA MONTÉRÉGIE-OUEST,HÔPITAL ANNA-LABERGE,51229151,32,38,20,11,57,10,36.01,10.1,36:00,10:06,19:00:00,2026-01-16T19:45:00
129,16,Montérégie,CISSS DE LA MONTÉRÉGIE-EST,HÔPITAL HONORÉ-MERCIER,51229193,26,25,8,1,45,15,15.17,5.5,15:10,5:30,19:00:00,2026-01-16T19:45:00
130,16,Montérégie,CISSS DE LA MONTÉRÉGIE-CENTRE,HÔPITAL CHARLES-LE MOYNE,51233799,43,44,16,3,85,34,25.09,6.47,25:05,6:28,19:00:00,2026-01-16T19:45:00
131,99,Ensemble du Québec,Ensemble du Québec,Ensemble du Québec,,1986,2166,608,182,4005,1338,19.340629226698,4.60179769736842,19:20,4:36,19:00:00,2026-01-16T19:45:00
